Dive Number,GF Minimum,GF Maximum,Surface Interval (min),Imperial Units,Start Battery Voltage,Start CNS %,Start Date,Start External O2 Sensor Status,Start Low Set Point,Start High Set Point,Computer Firmware Version,Max Depth,Max Time,Error History,End Battery Voltage,End CNS,End Date,End External O2 Sensor Status,End Low Set Point,End High Set Point,Computer Serial Number,Computer Firmware Version,Computer Model,Log Version,Deco Model,VPM-B Conservatism,Start Surface Pressure,End Surface Pressure,Product
90,40,85,54,True,4.1,17,12/30/2022 1:14:54 PM,False,0,1,22,76.7,2517,,4.1,33,12/30/2022 1:56:51 PM,False,0,0,600FB929,22,0,13,GF,40/85,1014,1014,Teric
Time (ms),Depth,First Stop Depth,Time To Surface (min),Average PPO2,Fraction O2,Fraction He,First Stop Time,Current NDL,Current Circuit Mode,Current CCR Mode,Water Temp,Gas Switch Needed,External PPO2,Set Point Type,Circuit Switch Type,External O2 Sensor 1 (mV),External O2 Sensor 2 (mV),External O2 Sensor 3 (mV),Battery Voltage,Tank 1 pressure (PSI),Tank 2 pressure (PSI),Tank 3 pressure (PSI),Tank 4 pressure (PSI),Gas Time Remaining,SAC Rate (2 minute avg),Ascent Rate,Safe Ascent Depth,CO2mbar
0,0,0,0,0.36,0.36,0,0,0,1,0,80,False,False,0,0,0,0,0,4.15,3958,AI is off,N/A,N/A,N/A,GTR and SAC are off,0,0,0
10000,13.6,0,1,0.5,0.36,0,0,99,1,0,80,False,False,0,0,0,0,0,4.15,3936,AI is off,N/A,N/A,N/A,GTR and SAC are off,0,0,0
20000,24.8,0,1,0.62,0.36,0,0,99,1,0,80,False,False,0,0,0,0,0,4.15,3918,AI is off,N/A,N/A,N/A,GTR and SAC are off,0,0,0
30000,38.5,0,5,0.77,0.36,0,0,99,1,0,79,False,False,0,0,0,0,0,4.15,3890,AI is off,N/A,N/A,N/A,GTR and SAC are off,0,0,0
40000,48.6,0,5,0.88,0.36,0,0,99,1,0,79,False,False,0,0,0,0,0,4.15,3866,AI is off,N/A,N/A,N/A,GTR and SAC are off,0,0,0
50000,58.6,0,5,0.9899999,0.36,0,0,89,1,0,79,False,False,0,0,0,0,0,4.15,3832,AI is off,N/A,N/A,N/A,GTR and SAC are off,0,0,0
60000,66,0,5,1.07,0.36,0,0,65,1,0,79,False,False,0,0,0,0,0,4.15,3798,AI is off,N/A,N/A,N/A,GTR and SAC are off,0,0,0
70000,68,0,5,1.1,0.36,0,0,55,1,0,79,False,False,0,0,0,0,0,4.15,3772,AI is off,N/A,N/A,N/A,GTR and SAC are off,0,0,0
80000,69.8,0,6,1.12,0.36,0,0,50,1,0,79,False,False,0,0,0,0,0,4.15,3744,AI is off,N/A,N/A,N/A,GTR and SAC are off,0,0,0
90000,70.8,0,6,1.14,0.36,0,0,48,1,0,79,False,False,0,0,0,0,0,4.15,3718,AI is off,N/A,N/A,N/A,GTR and SAC are off,0,0,0
100000,71.9,0,6,1.14,0.36,0,0,47,1,0,79,False,False,0,0,0,0,0,4.14,3706,AI is off,N/A,N/A,N/A,GTR and SAC are off,0,0,0
110000,69.6,0,6,1.12,0.36,0,0,49,1,0,79,False,False,0,0,0,0,0,4.15,3678,AI is off,N/A,N/A,N/A,GTR and SAC are off,0,0,0
120000,69.2,0,6,1.12,0.36,0,0,51,1,0,78,False,False,0,0,0,0,0,4.15,3664,AI is off,N/A,N/A,N/A,GTR and SAC are off,0,0,0
130000,68.6,0,6,1.11,0.36,0,0,52,1,0,78,False,False,0,0,0,0,0,4.15,3634,AI is off,N/A,N/A,N/A,GTR and SAC are off,0,0,0
140000,69.4,0,6,1.12,0.36,0,0,50,1,0,78,False,False,0,0,0,0,0,4.15,3614,AI is off,N/A,N/A,N/A,GTR and SAC are off,0,0,0
150000,69.3,0,6,1.12,0.36,0,0,50,1,0,78,False,False,0,0,0,0,0,4.15,3590,AI is off,N/A,N/A,N/A,GTR and SAC are off,0,0,0
160000,73.4,0,6,1.16,0.36,0,0,44,1,0,78,False,False,0,0,0,0,0,4.15,3572,AI is off,N/A,N/A,N/A,GTR and SAC are off,0,0,0
170000,72.7,0,6,1.15,0.36,0,0,45,1,0,78,False,False,0,0,0,0,0,4.15,3554,AI is off,N/A,N/A,N/A,GTR and SAC are off,0,0,0
180000,71.6,0,6,1.14,0.36,0,0,45,1,0,78,False,False,0,0,0,0,0,4.14,3540,AI is off,N/A,N/A,N/A,GTR and SAC are off,0,0,0
190000,72.4,0,6,1.16,0.36,0,0,43,1,0,78,False,False,0,0,0,0,0,4.15,3514,AI is off,N/A,N/A,N/A,GTR and SAC are off,0,0,0
200000,69.8,0,6,1.13,0.36,0,0,48,1,0,78,False,False,0,0,0,0,0,4.14,3502,AI is off,N/A,N/A,N/A,GTR and SAC are off,0,0,0
210000,70.2,0,6,1.12,0.36,0,0,48,1,0,78,False,False,0,0,0,0,0,4.15,3498,AI is off,N/A,N/A,N/A,GTR and SAC are off,0,0,0
220000,69.3,0,6,1.12,0.36,0,0,49,1,0,78,False,False,0,0,0,0,0,4.14,3478,AI is off,N/A,N/A,N/A,GTR and SAC are off,0,0,0
230000,70.9,0,6,1.14,0.36,0,0,47,1,0,78,False,False,0,0,0,0,0,4.14,3448,AI is off,N/A,N/A,N/A,GTR and SAC are off,0,0,0
240000,73.5,0,6,1.16,0.36,0,0,42,1,0,78,False,False,0,0,0,0,0,4.14,3414,AI is off,N/A,N/A,N/A,GTR and SAC are off,0,0,0
250000,72.7,0,6,1.16,0.36,0,0,42,1,0,78,False,False,0,0,0,0,0,4.15,3394,AI is off,N/A,N/A,N/A,GTR and SAC are off,0,0,0
260000,75.2,0,6,1.18,0.36,0,0,41,1,0,78,False,False,0,0,0,0,0,4.14,3378,AI is off,N/A,N/A,N/A,GTR and SAC are off,0,0,0
270000,75.1,0,6,1.18,0.36,0,0,40,1,0,78,False,False,0,0,0,0,0,4.14,3378,AI is off,N/A,N/A,N/A,GTR and SAC are off,0,0,0
280000,74.5,0,6,1.18,0.36,0,0,40,1,0,78,False,False,0,0,0,0,0,4.15,3370,AI is off,N/A,N/A,N/A,GTR and SAC are off,0,0,0
290000,74.2,0,6,1.17,0.36,0,0,41,1,0,78,False,False,0,0,0,0,0,4.15,3350,AI is off,N/A,N/A,N/A,GTR and SAC are off,0,0,0
300000,73.4,0,6,1.17,0.36,0,0,40,1,0,78,False,False,0,0,0,0,0,4.15,3320,AI is off,N/A,N/A,N/A,GTR and SAC are off,0,0,0
310000,70.8,0,6,1.13,0.36,0,0,45,1,0,78,False,False,0,0,0,0,0,4.15,3316,AI is off,N/A,N/A,N/A,GTR and SAC are off,0,0,0
320000,71.7,0,6,1.14,0.36,0,0,44,1,0,78,False,False,0,0,0,0,0,4.15,3304,AI is off,N/A,N/A,N/A,GTR and SAC are off,0,0,0
330000,70.3,0,6,1.13,0.36,0,0,46,1,0,78,False,False,0,0,0,0,0,4.14,3288,AI is off,N/A,N/A,N/A,GTR and SAC are off,0,0,0
340000,71.7,0,6,1.14,0.36,0,0,44,1,0,78,False,False,0,0,0,0,0,4.14,3276,AI is off,N/A,N/A,N/A,GTR and SAC are off,0,0,0
350000,73.6,0,6,1.17,0.36,0,0,40,1,0,78,False,False,0,0,0,0,0,4.15,3246,AI is off,N/A,N/A,N/A,GTR and SAC are off,0,0,0
360000,74.1,0,6,1.17,0.36,0,0,39,1,0,78,False,False,0,0,0,0,0,4.14,3234,AI is off,N/A,N/A,N/A,GTR and SAC are off,0,0,0
370000,73.8,0,6,1.16,0.36,0,0,40,1,0,78,False,False,0,0,0,0,0,4.14,3206,AI is off,N/A,N/A,N/A,GTR and SAC are off,0,0,0
380000,74.2,0,6,1.18,0.36,0,0,39,1,0,78,False,False,0,0,0,0,0,4.14,3186,AI is off,N/A,N/A,N/A,GTR and SAC are off,0,0,0
390000,74.8,0,6,1.18,0.36,0,0,39,1,0,78,False,False,0,0,0,0,0,4.14,3168,AI is off,N/A,N/A,N/A,GTR and SAC are off,0,0,0
400000,75.4,0,6,1.18,0.36,0,0,37,1,0,78,False,False,0,0,0,0,0,4.14,3144,AI is off,N/A,N/A,N/A,GTR and SAC are off,0,0,0
410000,75.9,0,6,1.19,0.36,0,0,37,1,0,78,False,False,0,0,0,0,0,4.14,3128,AI is off,N/A,N/A,N/A,GTR and SAC are off,0,0,0
420000,74.6,0,6,1.18,0.36,0,0,38,1,0,78,False,False,0,0,0,0,0,4.14,3114,AI is off,N/A,N/A,N/A,GTR and SAC are off,0,0,0
430000,76.2,0,6,1.2,0.36,0,0,36,1,0,78,False,False,0,0,0,0,0,4.14,3092,AI is off,N/A,N/A,N/A,GTR and SAC are off,0,0,0
440000,75.1,0,6,1.19,0.36,0,0,36,1,0,78,False,False,0,0,0,0,0,4.14,3058,AI is off,N/A,N/A,N/A,GTR and SAC are off,0,0,0
450000,76.4,0,6,1.19,0.36,0,0,36,1,0,78,False,False,0,0,0,0,0,4.14,3048,AI is off,N/A,N/A,N/A,GTR and SAC are off,0,0,0
460000,76.3,0,6,1.19,0.36,0,0,35,1,0,78,False,False,0,0,0,0,0,4.14,3028,AI is off,N/A,N/A,N/A,GTR and SAC are off,0,0,0
470000,75.3,0,6,1.19,0.36,0,0,36,1,0,78,False,False,0,0,0,0,0,4.14,3010,AI is off,N/A,N/A,N/A,GTR and SAC are off,0,0,0
480000,73.9,0,6,1.17,0.36,0,0,37,1,0,78,False,False,0,0,0,0,0,4.14,2994,AI is off,N/A,N/A,N/A,GTR and SAC are off,0,0,0
490000,73.5,0,6,1.17,0.36,0,0,37,1,0,78,False,False,0,0,0,0,0,4.14,2984,AI is off,N/A,N/A,N/A,GTR and SAC are off,0,0,0
500000,71,0,6,1.14,0.36,0,0,40,1,0,78,False,False,0,0,0,0,0,4.14,2976,AI is off,N/A,N/A,N/A,GTR and SAC are off,0,0,0
510000,71.5,0,6,1.15,0.36,0,0,40,1,0,78,False,False,0,0,0,0,0,4.14,2950,AI is off,N/A,N/A,N/A,GTR and SAC are off,0,0,0
520000,70.3,0,6,1.13,0.36,0,0,42,1,0,78,False,False,0,0,0,0,0,4.14,2958,AI is off,N/A,N/A,N/A,GTR and SAC are off,0,0,0
530000,69.8,0,6,1.13,0.36,0,0,42,1,0,78,False,False,0,0,0,0,0,4.14,2922,AI is off,N/A,N/A,N/A,GTR and SAC are off,0,0,0
540000,69.8,0,6,1.12,0.36,0,0,42,1,0,78,False,False,0,0,0,0,0,4.14,2908,AI is off,N/A,N/A,N/A,GTR and SAC are off,0,0,0
550000,72.1,0,6,1.15,0.36,0,0,39,1,0,78,False,False,0,0,0,0,0,4.14,2898,AI is off,N/A,N/A,N/A,GTR and SAC are off,0,0,0
560000,71.1,0,6,1.14,0.36,0,0,40,1,0,78,False,False,0,0,0,0,0,4.14,2874,AI is off,N/A,N/A,N/A,GTR and SAC are off,0,0,0
570000,70.2,0,6,1.13,0.36,0,0,41,1,0,78,False,False,0,0,0,0,0,4.14,2862,AI is off,N/A,N/A,N/A,GTR and SAC are off,0,0,0
580000,70.5,0,6,1.13,0.36,0,0,41,1,0,78,False,False,0,0,0,0,0,4.14,2854,AI is off,N/A,N/A,N/A,GTR and SAC are off,0,0,0
590000,69.4,0,6,1.12,0.36,0,0,43,1,0,78,False,False,0,0,0,0,0,4.14,2826,AI is off,N/A,N/A,N/A,GTR and SAC are off,0,0,0
600000,72.7,0,6,1.15,0.36,0,0,38,1,0,78,False,False,0,0,0,0,0,4.14,2808,AI is off,N/A,N/A,N/A,GTR and SAC are off,0,0,0
610000,72.2,0,6,1.15,0.36,0,0,38,1,0,78,False,False,0,0,0,0,0,4.14,2802,AI is off,N/A,N/A,N/A,GTR and SAC are off,0,0,0
620000,72.4,0,6,1.15,0.36,0,0,37,1,0,78,False,False,0,0,0,0,0,4.14,2782,AI is off,N/A,N/A,N/A,GTR and SAC are off,0,0,0
630000,71.1,0,6,1.14,0.36,0,0,38,1,0,78,False,False,0,0,0,0,0,4.14,2762,AI is off,N/A,N/A,N/A,GTR and SAC are off,0,0,0
640000,74.4,0,6,1.17,0.36,0,0,35,1,0,78,False,False,0,0,0,0,0,4.14,2750,AI is off,N/A,N/A,N/A,GTR and SAC are off,0,0,0
650000,74,0,6,1.17,0.36,0,0,36,1,0,78,False,False,0,0,0,0,0,4.14,2744,AI is off,N/A,N/A,N/A,GTR and SAC are off,0,0,0
660000,72.9,0,6,1.16,0.36,0,0,35,1,0,78,False,False,0,0,0,0,0,4.14,2720,AI is off,N/A,N/A,N/A,GTR and SAC are off,0,0,0
670000,72.2,0,6,1.15,0.36,0,0,36,1,0,78,False,False,0,0,0,0,0,4.14,2702,AI is off,N/A,N/A,N/A,GTR and SAC are off,0,0,0
680000,70.6,0,6,1.14,0.36,0,0,38,1,0,78,False,False,0,0,0,0,0,4.14,2696,AI is off,N/A,N/A,N/A,GTR and SAC are off,0,0,0
690000,69.4,0,6,1.12,0.36,0,0,39,1,0,78,False,False,0,0,0,0,0,4.14,2670,AI is off,N/A,N/A,N/A,GTR and SAC are off,0,0,0
700000,68,0,6,1.11,0.36,0,0,42,1,0,78,False,False,0,0,0,0,0,4.14,2660,AI is off,N/A,N/A,N/A,GTR and SAC are off,0,0,0
710000,71.3,0,6,1.14,0.36,0,0,38,1,0,78,False,False,0,0,0,0,0,4.14,2650,AI is off,N/A,N/A,N/A,GTR and SAC are off,0,0,0
720000,75.1,0,6,1.18,0.36,0,0,33,1,0,78,False,False,0,0,0,0,0,4.14,2624,AI is off,N/A,N/A,N/A,GTR and SAC are off,0,0,0
730000,74.6,0,6,1.18,0.36,0,0,33,1,0,78,False,False,0,0,0,0,0,4.14,2620,AI is off,N/A,N/A,N/A,GTR and SAC are off,0,0,0
740000,70.5,0,6,1.14,0.36,0,0,36,1,0,78,False,False,0,0,0,0,0,4.14,2602,AI is off,N/A,N/A,N/A,GTR and SAC are off,0,0,0
750000,70.5,0,6,1.13,0.36,0,0,38,1,0,78,False,False,0,0,0,0,0,4.14,2596,AI is off,N/A,N/A,N/A,GTR and SAC are off,0,0,0
760000,72,0,6,1.14,0.36,0,0,37,1,0,78,False,False,0,0,0,0,0,4.14,2588,AI is off,N/A,N/A,N/A,GTR and SAC are off,0,0,0
770000,73.3,0,6,1.16,0.36,0,0,34,1,0,78,False,False,0,0,0,0,0,4.14,2554,AI is off,N/A,N/A,N/A,GTR and SAC are off,0,0,0
780000,72.7,0,6,1.16,0.36,0,0,35,1,0,78,False,False,0,0,0,0,0,4.14,2546,AI is off,N/A,N/A,N/A,GTR and SAC are off,0,0,0
790000,73,0,6,1.16,0.36,0,0,34,1,0,78,False,False,0,0,0,0,0,4.14,2532,AI is off,N/A,N/A,N/A,GTR and SAC are off,0,0,0
800000,71.5,0,6,1.14,0.36,0,0,35,1,0,78,False,False,0,0,0,0,0,4.14,2524,AI is off,N/A,N/A,N/A,GTR and SAC are off,0,0,0
810000,70.4,0,6,1.14,0.36,0,0,35,1,0,78,False,False,0,0,0,0,0,4.14,2510,AI is off,N/A,N/A,N/A,GTR and SAC are off,0,0,0
820000,69.5,0,6,1.12,0.36,0,0,38,1,0,78,False,False,0,0,0,0,0,4.14,2504,AI is off,N/A,N/A,N/A,GTR and SAC are off,0,0,0
830000,68.4,0,6,1.11,0.36,0,0,40,1,0,78,False,False,0,0,0,0,0,4.14,2492,AI is off,N/A,N/A,N/A,GTR and SAC are off,0,0,0
840000,68.9,0,6,1.11,0.36,0,0,38,1,0,78,False,False,0,0,0,0,0,4.14,2472,AI is off,N/A,N/A,N/A,GTR and SAC are off,0,0,0
850000,70.7,0,6,1.13,0.36,0,0,36,1,0,78,False,False,0,0,0,0,0,4.14,2464,AI is off,N/A,N/A,N/A,GTR and SAC are off,0,0,0
860000,68.8,0,6,1.12,0.36,0,0,37,1,0,78,False,False,0,0,0,0,0,4.14,2458,AI is off,N/A,N/A,N/A,GTR and SAC are off,0,0,0
870000,68.7,0,6,1.11,0.36,0,0,38,1,0,78,False,False,0,0,0,0,0,4.14,2444,AI is off,N/A,N/A,N/A,GTR and SAC are off,0,0,0
880000,67.1,0,5,1.1,0.36,0,0,40,1,0,78,False,False,0,0,0,0,0,4.14,2422,AI is off,N/A,N/A,N/A,GTR and SAC are off,0,0,0
890000,67.2,0,6,1.1,0.36,0,0,39,1,0,78,False,False,0,0,0,0,0,4.13,2412,AI is off,N/A,N/A,N/A,GTR and SAC are off,0,0,0
900000,66.6,0,5,1.09,0.36,0,0,41,1,0,78,False,False,0,0,0,0,0,4.14,2406,AI is off,N/A,N/A,N/A,GTR and SAC are off,0,0,0
910000,68.2,0,5,1.11,0.36,0,0,39,1,0,78,False,False,0,0,0,0,0,4.14,2398,AI is off,N/A,N/A,N/A,GTR and SAC are off,0,0,0
920000,68.2,0,5,1.11,0.36,0,0,39,1,0,78,False,False,0,0,0,0,0,4.14,2384,AI is off,N/A,N/A,N/A,GTR and SAC are off,0,0,0
930000,68.3,0,6,1.11,0.36,0,0,38,1,0,78,False,False,0,0,0,0,0,4.14,2374,AI is off,N/A,N/A,N/A,GTR and SAC are off,0,0,0
940000,64.7,0,5,1.07,0.36,0,0,43,1,0,78,False,False,0,0,0,0,0,4.14,2350,AI is off,N/A,N/A,N/A,GTR and SAC are off,0,0,0
950000,61.5,0,5,1.04,0.36,0,0,51,1,0,78,False,False,0,0,0,0,0,4.14,2344,AI is off,N/A,N/A,N/A,GTR and SAC are off,0,0,0
960000,58.8,0,5,1.01,0.36,0,0,58,1,0,78,False,False,0,0,0,0,0,4.14,2336,AI is off,N/A,N/A,N/A,GTR and SAC are off,0,0,0
970000,59.5,0,5,1.01,0.36,0,0,57,1,0,78,False,False,0,0,0,0,0,4.14,2316,AI is off,N/A,N/A,N/A,GTR and SAC are off,0,0,0
980000,64.9,0,5,1.07,0.36,0,0,45,1,0,78,False,False,0,0,0,0,0,4.13,2300,AI is off,N/A,N/A,N/A,GTR and SAC are off,0,0,0
990000,64.8,0,5,1.07,0.36,0,0,43,1,0,78,False,False,0,0,0,0,0,4.14,2292,AI is off,N/A,N/A,N/A,GTR and SAC are off,0,0,0
1000000,64.2,0,5,1.06,0.36,0,0,45,1,0,78,False,False,0,0,0,0,0,4.14,2278,AI is off,N/A,N/A,N/A,GTR and SAC are off,0,0,0
1010000,64.4,0,5,1.06,0.36,0,0,45,1,0,78,False,False,0,0,0,0,0,4.14,2270,AI is off,N/A,N/A,N/A,GTR and SAC are off,0,0,0
1020000,65.6,0,5,1.08,0.36,0,0,42,1,0,78,False,False,0,0,0,0,0,4.14,2248,AI is off,N/A,N/A,N/A,GTR and SAC are off,0,0,0
1030000,66.5,0,5,1.09,0.36,0,0,39,1,0,78,False,False,0,0,0,0,0,4.13,2232,AI is off,N/A,N/A,N/A,GTR and SAC are off,0,0,0
1040000,67.3,0,5,1.1,0.36,0,0,37,1,0,78,False,False,0,0,0,0,0,4.14,2214,AI is off,N/A,N/A,N/A,GTR and SAC are off,0,0,0
1050000,66.9,0,5,1.09,0.36,0,0,38,1,0,78,False,False,0,0,0,0,0,4.14,2206,AI is off,N/A,N/A,N/A,GTR and SAC are off,0,0,0
1060000,67.8,0,5,1.1,0.36,0,0,37,1,0,78,False,False,0,0,0,0,0,4.13,2196,AI is off,N/A,N/A,N/A,GTR and SAC are off,0,0,0
1070000,67.8,0,5,1.1,0.36,0,0,36,1,0,78,False,False,0,0,0,0,0,4.14,2176,AI is off,N/A,N/A,N/A,GTR and SAC are off,0,0,0
1080000,68.6,0,5,1.11,0.36,0,0,36,1,0,78,False,False,0,0,0,0,0,4.14,2170,AI is off,N/A,N/A,N/A,GTR and SAC are off,0,0,0
1090000,73,0,6,1.16,0.36,0,0,30,1,0,78,False,False,0,0,0,0,0,4.14,2148,AI is off,N/A,N/A,N/A,GTR and SAC are off,0,0,0
1100000,73.3,0,6,1.16,0.36,0,0,29,1,0,78,False,False,0,0,0,0,0,4.14,2138,AI is off,N/A,N/A,N/A,GTR and SAC are off,0,0,0
1110000,71.7,0,6,1.15,0.36,0,0,30,1,0,78,False,False,0,0,0,0,0,4.13,2128,AI is off,N/A,N/A,N/A,GTR and SAC are off,0,0,0
1120000,72,0,6,1.15,0.36,0,0,29,1,0,78,False,False,0,0,0,0,0,4.14,2110,AI is off,N/A,N/A,N/A,GTR and SAC are off,0,0,0
1130000,71.8,0,6,1.14,0.36,0,0,30,1,0,78,False,False,0,0,0,0,0,4.13,2102,AI is off,N/A,N/A,N/A,GTR and SAC are off,0,0,0
1140000,71.3,0,6,1.14,0.36,0,0,30,1,0,78,False,False,0,0,0,0,0,4.14,2078,AI is off,N/A,N/A,N/A,GTR and SAC are off,0,0,0
1150000,73.8,0,6,1.16,0.36,0,0,28,1,0,78,False,False,0,0,0,0,0,4.13,2068,AI is off,N/A,N/A,N/A,GTR and SAC are off,0,0,0
1160000,72.8,0,6,1.16,0.36,0,0,28,1,0,78,False,False,0,0,0,0,0,4.13,2048,AI is off,N/A,N/A,N/A,GTR and SAC are off,0,0,0
1170000,73.4,0,6,1.17,0.36,0,0,28,1,0,78,False,False,0,0,0,0,0,4.13,2036,AI is off,N/A,N/A,N/A,GTR and SAC are off,0,0,0
1180000,73.6,0,6,1.16,0.36,0,0,28,1,0,78,False,False,0,0,0,0,0,4.14,2030,AI is off,N/A,N/A,N/A,GTR and SAC are off,0,0,0
1190000,73.5,0,6,1.17,0.36,0,0,27,1,0,78,False,False,0,0,0,0,0,4.13,2008,AI is off,N/A,N/A,N/A,GTR and SAC are off,0,0,0
1200000,73.4,0,6,1.16,0.36,0,0,28,1,0,78,False,False,0,0,0,0,0,4.13,1996,AI is off,N/A,N/A,N/A,GTR and SAC are off,0,0,0
1210000,72.8,0,6,1.16,0.36,0,0,28,1,0,78,False,False,0,0,0,0,0,4.13,1986,AI is off,N/A,N/A,N/A,GTR and SAC are off,0,0,0
1220000,73.6,0,6,1.17,0.36,0,0,27,1,0,78,False,False,0,0,0,0,0,4.13,1974,AI is off,N/A,N/A,N/A,GTR and SAC are off,0,0,0
1230000,72.3,0,6,1.15,0.36,0,0,28,1,0,78,False,False,0,0,0,0,0,4.13,1954,AI is off,N/A,N/A,N/A,GTR and SAC are off,0,0,0
1240000,72.6,0,6,1.16,0.36,0,0,27,1,0,78,False,False,0,0,0,0,0,4.14,1936,AI is off,N/A,N/A,N/A,GTR and SAC are off,0,0,0
1250000,71.8,0,6,1.15,0.36,0,0,28,1,0,78,False,False,0,0,0,0,0,4.13,1916,AI is off,N/A,N/A,N/A,GTR and SAC are off,0,0,0
1260000,71.1,0,6,1.14,0.36,0,0,29,1,0,78,False,False,0,0,0,0,0,4.13,1908,AI is off,N/A,N/A,N/A,GTR and SAC are off,0,0,0
1270000,70.9,0,6,1.13,0.36,0,0,29,1,0,78,False,False,0,0,0,0,0,4.13,1888,AI is off,N/A,N/A,N/A,GTR and SAC are off,0,0,0
1280000,71.8,0,6,1.14,0.36,0,0,28,1,0,78,False,False,0,0,0,0,0,4.13,1876,AI is off,N/A,N/A,N/A,GTR and SAC are off,0,0,0
1290000,74.4,0,6,1.17,0.36,0,0,25,1,0,78,False,False,0,0,0,0,0,4.13,1852,AI is off,N/A,N/A,N/A,GTR and SAC are off,0,0,0
1300000,73.1,0,6,1.16,0.36,0,0,26,1,0,78,False,False,0,0,0,0,0,4.13,1850,AI is off,N/A,N/A,N/A,GTR and SAC are off,0,0,0
1310000,74.8,0,6,1.18,0.36,0,0,24,1,0,78,False,False,0,0,0,0,0,4.13,1826,AI is off,N/A,N/A,N/A,GTR and SAC are off,0,0,0
1320000,74.4,0,6,1.17,0.36,0,0,25,1,0,78,False,False,0,0,0,0,0,4.13,1820,AI is off,N/A,N/A,N/A,GTR and SAC are off,0,0,0
1330000,74.5,0,6,1.18,0.36,0,0,24,1,0,78,False,False,0,0,0,0,0,4.13,1794,AI is off,N/A,N/A,N/A,GTR and SAC are off,0,0,0
1340000,74.1,0,6,1.17,0.36,0,0,24,1,0,78,False,False,0,0,0,0,0,4.13,1800,AI is off,N/A,N/A,N/A,GTR and SAC are off,0,0,0
1350000,73.4,0,6,1.17,0.36,0,0,24,1,0,78,False,False,0,0,0,0,0,4.13,1790,AI is off,N/A,N/A,N/A,GTR and SAC are off,0,0,0
1360000,72.7,0,6,1.15,0.36,0,0,26,1,0,78,False,False,0,0,0,0,0,4.13,1770,AI is off,N/A,N/A,N/A,GTR and SAC are off,0,0,0
1370000,74.5,0,6,1.17,0.36,0,0,24,1,0,78,False,False,0,0,0,0,0,4.13,1752,AI is off,N/A,N/A,N/A,GTR and SAC are off,0,0,0
1380000,73.6,0,6,1.17,0.36,0,0,23,1,0,78,False,False,0,0,0,0,0,4.13,1728,AI is off,N/A,N/A,N/A,GTR and SAC are off,0,0,0
1390000,71.4,0,6,1.14,0.36,0,0,26,1,0,78,False,False,0,0,0,0,0,4.13,1712,AI is off,N/A,N/A,N/A,GTR and SAC are off,0,0,0
1400000,72.2,0,6,1.15,0.36,0,0,25,1,0,78,False,False,0,0,0,0,0,4.13,1706,AI is off,N/A,N/A,N/A,GTR and SAC are off,0,0,0
1410000,72.4,0,6,1.15,0.36,0,0,25,1,0,78,False,False,0,0,0,0,0,4.13,1690,AI is off,N/A,N/A,N/A,GTR and SAC are off,0,0,0
1420000,71.5,0,6,1.14,0.36,0,0,25,1,0,78,False,False,0,0,0,0,0,4.13,1678,AI is off,N/A,N/A,N/A,GTR and SAC are off,0,0,0
1430000,70.9,0,6,1.13,0.36,0,0,26,1,0,78,False,False,0,0,0,0,0,4.13,1654,AI is off,N/A,N/A,N/A,GTR and SAC are off,0,0,0
1440000,72.8,0,6,1.16,0.36,0,0,24,1,0,78,False,False,0,0,0,0,0,4.13,1642,AI is off,N/A,N/A,N/A,GTR and SAC are off,0,0,0
1450000,72.5,0,6,1.15,0.36,0,0,24,1,0,78,False,False,0,0,0,0,0,4.13,1636,AI is off,N/A,N/A,N/A,GTR and SAC are off,0,0,0
1460000,72,0,6,1.15,0.36,0,0,24,1,0,78,False,False,0,0,0,0,0,4.13,1626,AI is off,N/A,N/A,N/A,GTR and SAC are off,0,0,0
1470000,71.7,0,6,1.14,0.36,0,0,25,1,0,78,False,False,0,0,0,0,0,4.13,1606,AI is off,N/A,N/A,N/A,GTR and SAC are off,0,0,0
1480000,72.7,0,6,1.16,0.36,0,0,23,1,0,78,False,False,0,0,0,0,0,4.13,1592,AI is off,N/A,N/A,N/A,GTR and SAC are off,0,0,0
1490000,70.8,0,6,1.14,0.36,0,0,25,1,0,78,False,False,0,0,0,0,0,4.13,1586,AI is off,N/A,N/A,N/A,GTR and SAC are off,0,0,0
1500000,70.9,0,6,1.13,0.36,0,0,25,1,0,78,False,False,0,0,0,0,0,4.13,1562,AI is off,N/A,N/A,N/A,GTR and SAC are off,0,0,0
1510000,73.4,0,6,1.16,0.36,0,0,23,1,0,78,False,False,0,0,0,0,0,4.13,1554,AI is off,N/A,N/A,N/A,GTR and SAC are off,0,0,0
1520000,72.7,0,6,1.15,0.36,0,0,23,1,0,78,False,False,0,0,0,0,0,4.13,1544,AI is off,N/A,N/A,N/A,GTR and SAC are off,0,0,0
1530000,72.4,0,6,1.15,0.36,0,0,23,1,0,78,False,False,0,0,0,0,0,4.13,1532,AI is off,N/A,N/A,N/A,GTR and SAC are off,0,0,0
1540000,73.1,0,6,1.16,0.36,0,0,22,1,0,78,False,False,0,0,0,0,0,4.13,1520,AI is off,N/A,N/A,N/A,GTR and SAC are off,0,0,0
1550000,73.8,0,6,1.17,0.36,0,0,21,1,0,78,False,False,0,0,0,0,0,4.13,1506,AI is off,N/A,N/A,N/A,GTR and SAC are off,0,0,0
1560000,73.1,0,6,1.16,0.36,0,0,22,1,0,78,False,False,0,0,0,0,0,4.13,1492,AI is off,N/A,N/A,N/A,GTR and SAC are off,0,0,0
1570000,72.2,0,6,1.16,0.36,0,0,22,1,0,78,False,False,0,0,0,0,0,4.13,1480,AI is off,N/A,N/A,N/A,GTR and SAC are off,0,0,0
1580000,71.1,0,6,1.14,0.36,0,0,23,1,0,78,False,False,0,0,0,0,0,4.13,1470,AI is off,N/A,N/A,N/A,GTR and SAC are off,0,0,0
1590000,69.4,0,6,1.12,0.36,0,0,24,1,0,78,False,False,0,0,0,0,0,4.13,1450,AI is off,N/A,N/A,N/A,GTR and SAC are off,0,0,0
1600000,66.7,0,5,1.09,0.36,0,0,28,1,0,78,False,False,0,0,0,0,0,4.13,1442,AI is off,N/A,N/A,N/A,GTR and SAC are off,0,0,0
1610000,66,0,5,1.09,0.36,0,0,28,1,0,78,False,False,0,0,0,0,0,4.13,1428,AI is off,N/A,N/A,N/A,GTR and SAC are off,0,0,0
1620000,67.5,0,5,1.09,0.36,0,0,27,1,0,78,False,False,0,0,0,0,0,4.13,1412,AI is off,N/A,N/A,N/A,GTR and SAC are off,0,0,0
1630000,67.2,0,5,1.09,0.36,0,0,27,1,0,78,False,False,0,0,0,0,0,4.13,1402,AI is off,N/A,N/A,N/A,GTR and SAC are off,0,0,0
1640000,67.6,0,6,1.11,0.36,0,0,25,1,0,78,False,False,0,0,0,0,0,4.13,1392,AI is off,N/A,N/A,N/A,GTR and SAC are off,0,0,0
1650000,67.3,0,5,1.09,0.36,0,0,27,1,0,78,False,False,0,0,0,0,0,4.13,1368,AI is off,N/A,N/A,N/A,GTR and SAC are off,0,0,0
1660000,67.1,0,5,1.1,0.36,0,0,26,1,0,78,False,False,0,0,0,0,0,4.13,1352,AI is off,N/A,N/A,N/A,GTR and SAC are off,0,0,0
1670000,68.2,0,6,1.11,0.36,0,0,25,1,0,78,False,False,0,0,0,0,0,4.13,1348,AI is off,N/A,N/A,N/A,GTR and SAC are off,0,0,0
1680000,71.2,0,6,1.15,0.36,0,0,21,1,0,78,False,False,0,0,0,0,0,4.13,1334,AI is off,N/A,N/A,N/A,GTR and SAC are off,0,0,0
1690000,70.2,0,6,1.13,0.36,0,0,22,1,0,78,False,False,0,0,0,0,0,4.13,1320,AI is off,N/A,N/A,N/A,GTR and SAC are off,0,0,0
1700000,70.4,0,6,1.13,0.36,0,0,22,1,0,78,False,False,0,0,0,0,0,4.13,1300,AI is off,N/A,N/A,N/A,GTR and SAC are off,0,0,0
1710000,69.3,0,6,1.12,0.36,0,0,23,1,0,78,False,False,0,0,0,0,0,4.13,1292,AI is off,N/A,N/A,N/A,GTR and SAC are off,0,0,0
1720000,68.1,0,6,1.11,0.36,0,0,24,1,0,78,False,False,0,0,0,0,0,4.13,1276,AI is off,N/A,N/A,N/A,GTR and SAC are off,0,0,0
1730000,68.3,0,6,1.1,0.36,0,0,24,1,0,78,False,False,0,0,0,0,0,4.13,1268,AI is off,N/A,N/A,N/A,GTR and SAC are off,0,0,0
1740000,66.5,0,5,1.09,0.36,0,0,25,1,0,78,False,False,0,0,0,0,0,4.13,1248,AI is off,N/A,N/A,N/A,GTR and SAC are off,0,0,0
1750000,65.3,0,5,1.08,0.36,0,0,27,1,0,78,False,False,0,0,0,0,0,4.13,1240,AI is off,N/A,N/A,N/A,GTR and SAC are off,0,0,0
1760000,64.7,0,5,1.07,0.36,0,0,28,1,0,78,False,False,0,0,0,0,0,4.13,1230,AI is off,N/A,N/A,N/A,GTR and SAC are off,0,0,0
1770000,64.7,0,5,1.07,0.36,0,0,28,1,0,78,False,False,0,0,0,0,0,4.13,1220,AI is off,N/A,N/A,N/A,GTR and SAC are off,0,0,0
1780000,66.1,0,5,1.08,0.36,0,0,26,1,0,78,False,False,0,0,0,0,0,4.13,1202,AI is off,N/A,N/A,N/A,GTR and SAC are off,0,0,0
1790000,66.5,0,5,1.09,0.36,0,0,25,1,0,78,False,False,0,0,0,0,0,4.12,1196,AI is off,N/A,N/A,N/A,GTR and SAC are off,0,0,0
1800000,67.2,0,5,1.09,0.36,0,0,24,1,0,78,False,False,0,0,0,0,0,4.13,1174,AI is off,N/A,N/A,N/A,GTR and SAC are off,0,0,0
1810000,67.4,0,5,1.1,0.36,0,0,23,1,0,78,False,False,0,0,0,0,0,4.13,1168,AI is off,N/A,N/A,N/A,GTR and SAC are off,0,0,0
1820000,67.7,0,5,1.1,0.36,0,0,23,1,0,78,False,False,0,0,0,0,0,4.13,1160,AI is off,N/A,N/A,N/A,GTR and SAC are off,0,0,0
1830000,68.1,0,6,1.1,0.36,0,0,22,1,0,78,False,False,0,0,0,0,0,4.13,1150,AI is off,N/A,N/A,N/A,GTR and SAC are off,0,0,0
1840000,67.1,0,5,1.09,0.36,0,0,23,1,0,78,False,False,0,0,0,0,0,4.12,1138,AI is off,N/A,N/A,N/A,GTR and SAC are off,0,0,0
1850000,64.4,0,5,1.07,0.36,0,0,27,1,0,78,False,False,0,0,0,0,0,4.13,1126,AI is off,N/A,N/A,N/A,GTR and SAC are off,0,0,0
1860000,64.7,0,5,1.07,0.36,0,0,26,1,0,78,False,False,0,0,0,0,0,4.13,1110,AI is off,N/A,N/A,N/A,GTR and SAC are off,0,0,0
1870000,64.3,0,5,1.06,0.36,0,0,27,1,0,78,False,False,0,0,0,0,0,4.12,1102,AI is off,N/A,N/A,N/A,GTR and SAC are off,0,0,0
1880000,63.2,0,5,1.05,0.36,0,0,28,1,0,78,False,False,0,0,0,0,0,4.12,1080,AI is off,N/A,N/A,N/A,GTR and SAC are off,0,0,0
1890000,65.4,0,5,1.07,0.36,0,0,25,1,0,78,False,False,0,0,0,0,0,4.12,1070,AI is off,N/A,N/A,N/A,GTR and SAC are off,0,0,0
1900000,67.7,0,5,1.1,0.36,0,0,22,1,0,78,False,False,0,0,0,0,0,4.12,1054,AI is off,N/A,N/A,N/A,GTR and SAC are off,0,0,0
1910000,67.8,0,5,1.11,0.36,0,0,21,1,0,78,False,False,0,0,0,0,0,4.12,1044,AI is off,N/A,N/A,N/A,GTR and SAC are off,0,0,0
1920000,68,0,6,1.1,0.36,0,0,21,1,0,78,False,False,0,0,0,0,0,4.13,1020,AI is off,N/A,N/A,N/A,GTR and SAC are off,0,0,0
1930000,68.5,0,6,1.11,0.36,0,0,20,1,0,78,False,False,0,0,0,0,0,4.12,1010,AI is off,N/A,N/A,N/A,GTR and SAC are off,0,0,0
1940000,66.2,0,5,1.09,0.36,0,0,23,1,0,78,False,False,0,0,0,0,0,4.12,988,AI is off,N/A,N/A,N/A,GTR and SAC are off,0,0,0
1950000,65.8,0,5,1.08,0.36,0,0,23,1,0,78,False,False,0,0,0,0,0,4.12,986,AI is off,N/A,N/A,N/A,GTR and SAC are off,0,0,0
1960000,66.5,0,5,1.09,0.36,0,0,22,1,0,78,False,False,0,0,0,0,0,4.12,976,AI is off,N/A,N/A,N/A,GTR and SAC are off,0,0,0
1970000,67.3,0,5,1.1,0.36,0,0,21,1,0,78,False,False,0,0,0,0,0,4.12,966,AI is off,N/A,N/A,N/A,GTR and SAC are off,0,0,0
1980000,68.4,0,6,1.11,0.36,0,0,19,1,0,78,False,False,0,0,0,0,0,4.12,952,AI is off,N/A,N/A,N/A,GTR and SAC are off,0,0,0
1990000,66.7,0,5,1.09,0.36,0,0,20,1,0,78,False,False,0,0,0,0,0,4.12,944,AI is off,N/A,N/A,N/A,GTR and SAC are off,0,0,0
2000000,64.1,0,5,1.06,0.36,0,0,23,1,0,78,False,False,0,0,0,0,0,4.12,936,AI is off,N/A,N/A,N/A,GTR and SAC are off,0,0,0
2010000,64.4,0,5,1.06,0.36,0,0,25,1,0,78,False,False,0,0,0,0,0,4.12,930,AI is off,N/A,N/A,N/A,GTR and SAC are off,0,0,0
2020000,65.5,0,5,1.07,0.36,0,0,22,1,0,78,False,False,0,0,0,0,0,4.12,908,AI is off,N/A,N/A,N/A,GTR and SAC are off,0,0,0
2030000,66.5,0,5,1.09,0.36,0,0,20,1,0,78,False,False,0,0,0,0,0,4.12,892,AI is off,N/A,N/A,N/A,GTR and SAC are off,0,0,0
2040000,66,0,5,1.08,0.36,0,0,22,1,0,78,False,False,0,0,0,0,0,4.13,888,AI is off,N/A,N/A,N/A,GTR and SAC are off,0,0,0
2050000,64.8,0,5,1.07,0.36,0,0,22,1,0,78,False,False,0,0,0,0,0,4.12,870,AI is off,N/A,N/A,N/A,GTR and SAC are off,0,0,0
2060000,64.1,0,5,1.06,0.36,0,0,23,1,0,78,False,False,0,0,0,0,0,4.12,854,AI is off,N/A,N/A,N/A,GTR and SAC are off,0,0,0
2070000,65.7,0,5,1.08,0.36,0,0,23,1,0,78,False,False,0,0,0,0,0,4.12,846,AI is off,N/A,N/A,N/A,GTR and SAC are off,0,0,0
2080000,65.1,0,5,1.07,0.36,0,0,22,1,0,78,False,False,0,0,0,0,0,4.12,834,AI is off,N/A,N/A,N/A,GTR and SAC are off,0,0,0
2090000,63.6,0,5,1.06,0.36,0,0,21,1,0,78,False,False,0,0,0,0,0,4.12,818,AI is off,N/A,N/A,N/A,GTR and SAC are off,0,0,0
2100000,64,0,5,1.06,0.36,0,0,23,1,0,78,False,False,0,0,0,0,0,4.12,800,AI is off,N/A,N/A,N/A,GTR and SAC are off,0,0,0
2110000,64.1,0,5,1.07,0.36,0,0,22,1,0,78,False,False,0,0,0,0,0,4.12,798,AI is off,N/A,N/A,N/A,GTR and SAC are off,0,0,0
2120000,63.3,0,5,1.05,0.36,0,0,24,1,0,78,False,False,0,0,0,0,0,4.12,772,AI is off,N/A,N/A,N/A,GTR and SAC are off,0,0,0
2130000,62,0,5,1.04,0.36,0,0,24,1,0,78,False,False,0,0,0,0,0,4.12,770,AI is off,N/A,N/A,N/A,GTR and SAC are off,0,0,0
2140000,59.2,0,5,1.02,0.36,0,0,30,1,0,78,False,False,0,0,0,0,0,4.12,764,AI is off,N/A,N/A,N/A,GTR and SAC are off,0,0,0
2150000,55,0,5,0.97,0.36,0,0,38,1,0,78,False,False,0,0,0,0,0,4.12,746,AI is off,N/A,N/A,N/A,GTR and SAC are off,0,0,0
2160000,53.3,0,5,0.94,0.36,0,0,49,1,0,78,False,False,0,0,0,0,0,4.12,742,AI is off,N/A,N/A,N/A,GTR and SAC are off,0,0,0
2170000,52.6,0,5,0.94,0.36,0,0,48,1,0,78,False,False,0,0,0,0,0,4.12,726,AI is off,N/A,N/A,N/A,GTR and SAC are off,0,0,0
2180000,51.2,0,5,0.92,0.36,0,0,57,1,0,78,False,False,0,0,0,0,0,4.12,714,AI is off,N/A,N/A,N/A,GTR and SAC are off,0,0,0
2190000,48.5,0,5,0.89,0.36,0,0,86,1,0,78,False,False,0,0,0,0,0,4.12,710,AI is off,N/A,N/A,N/A,GTR and SAC are off,0,0,0
2200000,43.2,0,5,0.84,0.36,0,0,99,1,0,78,False,False,0,0,0,0,0,4.12,704,AI is off,N/A,N/A,N/A,GTR and SAC are off,0,0,0
2210000,34,0,5,0.74,0.36,0,0,99,1,0,78,False,False,0,0,0,0,0,4.12,686,AI is off,N/A,N/A,N/A,GTR and SAC are off,0,0,0
2220000,25.3,0,4,0.64,0.36,0,0,99,1,0,78,False,False,0,0,0,0,0,4.12,682,AI is off,N/A,N/A,N/A,GTR and SAC are off,0,0,0
2230000,23.8,0,4,0.63,0.36,0,0,99,1,0,78,False,False,0,0,0,0,0,4.12,666,AI is off,N/A,N/A,N/A,GTR and SAC are off,0,0,0
2240000,19.9,0,4,0.58,0.36,0,0,99,1,0,78,False,False,0,0,0,0,0,4.12,658,AI is off,N/A,N/A,N/A,GTR and SAC are off,0,0,0
2250000,15.1,0,4,0.53,0.36,0,0,99,1,0,78,False,False,0,0,0,0,0,4.12,650,AI is off,N/A,N/A,N/A,GTR and SAC are off,0,0,0
2260000,18.1,0,4,0.55,0.36,0,0,99,1,0,78,False,False,0,0,0,0,0,4.12,646,AI is off,N/A,N/A,N/A,GTR and SAC are off,0,0,0
2270000,23.5,0,4,0.62,0.36,0,0,99,1,0,78,False,False,0,0,0,0,0,4.12,630,AI is off,N/A,N/A,N/A,GTR and SAC are off,0,0,0
2280000,24.5,0,4,0.65,0.36,0,0,99,1,0,78,False,False,0,0,0,0,0,4.12,626,AI is off,N/A,N/A,N/A,GTR and SAC are off,0,0,0
2290000,24.7,0,3,0.63,0.36,0,0,99,1,0,78,False,False,0,0,0,0,0,4.12,614,AI is off,N/A,N/A,N/A,GTR and SAC are off,0,0,0
2300000,27.8,0,4,0.67,0.36,0,0,99,1,0,78,False,False,0,0,0,0,0,4.12,598,AI is off,N/A,N/A,N/A,GTR and SAC are off,0,0,0
2310000,26.6,0,4,0.66,0.36,0,0,99,1,0,78,False,False,0,0,0,0,0,4.12,586,AI is off,N/A,N/A,N/A,GTR and SAC are off,0,0,0
2320000,23.7,0,3,0.62,0.36,0,0,99,1,0,78,False,False,0,0,0,0,0,4.12,576,AI is off,N/A,N/A,N/A,GTR and SAC are off,0,0,0
2330000,22.4,0,3,0.61,0.36,0,0,99,1,0,78,False,False,0,0,0,0,0,4.12,564,AI is off,N/A,N/A,N/A,GTR and SAC are off,0,0,0
2340000,19.5,0,3,0.57,0.36,0,0,99,1,0,78,False,False,0,0,0,0,0,4.12,560,AI is off,N/A,N/A,N/A,GTR and SAC are off,0,0,0
2350000,20.3,0,3,0.58,0.36,0,0,99,1,0,78,False,False,0,0,0,0,0,4.12,550,AI is off,N/A,N/A,N/A,GTR and SAC are off,0,0,0
2360000,24.2,0,3,0.62,0.36,0,0,99,1,0,78,False,False,0,0,0,0,0,4.12,548,AI is off,N/A,N/A,N/A,GTR and SAC are off,0,0,0
2370000,25.9,0,2,0.63,0.36,0,0,99,1,0,78,False,False,0,0,0,0,0,4.12,534,AI is off,N/A,N/A,N/A,GTR and SAC are off,0,0,0
2380000,24,0,2,0.63,0.36,0,0,99,1,0,78,False,False,0,0,0,0,0,4.12,524,AI is off,N/A,N/A,N/A,GTR and SAC are off,0,0,0
2390000,23.6,0,2,0.63,0.36,0,0,99,1,0,78,False,False,0,0,0,0,0,4.12,516,AI is off,N/A,N/A,N/A,GTR and SAC are off,0,0,0
2400000,22.4,0,2,0.61,0.36,0,0,99,1,0,78,False,False,0,0,0,0,0,4.12,514,AI is off,N/A,N/A,N/A,GTR and SAC are off,0,0,0
2410000,24.2,0,2,0.63,0.36,0,0,99,1,0,78,False,False,0,0,0,0,0,4.12,500,AI is off,N/A,N/A,N/A,GTR and SAC are off,0,0,0
2420000,27.7,0,2,0.66,0.36,0,0,99,1,0,78,False,False,0,0,0,0,0,4.12,480,AI is off,N/A,N/A,N/A,GTR and SAC are off,0,0,0
2430000,26.2,0,2,0.65,0.36,0,0,99,1,0,78,False,False,0,0,0,0,0,4.12,474,AI is off,N/A,N/A,N/A,GTR and SAC are off,0,0,0
2440000,28.3,0,2,0.66,0.36,0,0,99,1,0,78,False,False,0,0,0,0,0,4.12,466,AI is off,N/A,N/A,N/A,GTR and SAC are off,0,0,0
2450000,23.2,0,2,0.62,0.36,0,0,99,1,0,78,False,False,0,0,0,0,0,4.12,458,AI is off,N/A,N/A,N/A,GTR and SAC are off,0,0,0
2460000,22.4,0,2,0.61,0.36,0,0,99,1,0,78,False,False,0,0,0,0,0,4.12,448,AI is off,N/A,N/A,N/A,GTR and SAC are off,0,0,0
2470000,23.5,0,1,0.61,0.36,0,0,99,1,0,78,False,False,0,0,0,0,0,4.12,440,AI is off,N/A,N/A,N/A,GTR and SAC are off,0,0,0
2480000,24.1,0,1,0.62,0.36,0,0,99,1,0,78,False,False,0,0,0,0,0,4.12,426,AI is off,N/A,N/A,N/A,GTR and SAC are off,0,0,0
2490000,23,0,1,0.61,0.36,0,0,99,1,0,78,False,False,0,0,0,0,0,4.12,418,AI is off,N/A,N/A,N/A,GTR and SAC are off,0,0,0
2500000,22.5,0,1,0.61,0.36,0,0,99,1,0,78,False,False,0,0,0,0,0,4.12,410,AI is off,N/A,N/A,N/A,GTR and SAC are off,0,0,0
2510000,13.5,0,1,0.52,0.36,0,0,99,1,0,78,False,False,0,0,0,0,0,4.12,400,AI is off,N/A,N/A,N/A,GTR and SAC are off,0,0,0
2520000,1.1,0,0,0.37,0.36,0,0,99,1,0,78,False,False,0,0,0,0,0,4.12,392,AI is off,N/A,N/A,N/A,GTR and SAC are off,0,0,0
2530000,1.3,0,0,0.38,0.36,0,0,99,1,0,78,False,False,0,0,0,0,0,4.12,378,AI is off,N/A,N/A,N/A,GTR and SAC are off,0,0,0